InstanceID,InstanceName,AccountNumber,MissingTags
i-0884f473e6510fe27,Tejal Dave- inst2,454143665149,"['owner', 'Department', 'End Date']"
i-0ab80fc2756b10415,Tejal Dave - Ansible,454143665149,"['Department', 'End Date', 'InvalidEmail']"
i-0bc8e248cf21da445,Aniket_test1,454143665149,"['owner', 'DM']"
i-0a3321401751251a8,LuckySoniPESVUI,454143665149,['owner']
i-0cc7373ba86bf9fd3,alpesh-equiplink-dev,454143665149,"['owner', 'DM', 'End Date']"
i-04bce0cae338fbc89,EC2 Test,454143665149,"['owner', 'Department', 'DM', 'End Date']"
i-09b29cbc92c378d47,EC2 Test2,454143665149,"['owner', 'Department', 'DM', 'End Date']"
i-0df9c76c7964b09fd,Demo-Test,454143665149,"['owner', 'Department', 'End Date']"
i-0951f9b3f4b56fd9d,Testing,454143665149,"['owner', 'Department', 'End Date']"
i-095308a42c88b0416,vj-ec2-instance-3,454143665149,"['owner', 'Department', 'DM', 'End Date']"
i-0f44abef55a3c0f50,Minikube,454143665149,"['owner', 'Department', 'DM', 'End Date']"
i-0ff91d98b0f825a06,jenkins,454143665149,['owner']
i-03992a52c260389b1,Wordpress,454143665149,"['owner', 'Department', 'DM', 'End Date']"
i-030b755187d5fb6eb,CloudOpsLinuxA,454143665149,['owner']
i-02b0537085c56dc07,docker-laravel,454143665149,"['owner', 'DM']"
i-006b049f724dbc68d,CloudOpsJVFirstInstance01,454143665149,['owner']
i-00365916763a48579,CloudOpsJVFirstInstance02,454143665149,['owner']
i-071012f3ded5c7213,Parva_46,454143665149,"['owner', 'Department', 'DM', 'End Date']"
i-01a93aced02d3f4ba,My Second Instance ,454143665149,['End Date']
i-0bf0cbd8a121346f9,My First Instance ,454143665149,['End Date']
i-05ae6706b5dc36408,MyInstanceParv,454143665149,"['owner', 'Department', 'DM', 'End Date']"
i-0e62b2ede90200ec2,MyInstanceParv 2,454143665149,"['owner', 'Department', 'DM', 'End Date']"
i-091003141fce5f312,Name not available,454143665149,"['Name', 'owner', 'Department', 'DM', 'End Date']"
i-0d8c63405e70c6e1c,jd-demo-server,454143665149,"['owner', 'Department', 'DM', 'End Date']"
i-0c286c2e64fca1051,test_ec2_instance,454143665149,"['owner', 'Department', 'DM', 'End Date']"
i-0523f7dceb5a597a3,dipen_shah_ec2_new,454143665149,"['owner', 'Department', 'DM', 'End Date']"
i-0ed6a1be3f2ec7f09,Private-ec2-vpc,454143665149,"['owner', 'Department', 'DM', 'End Date']"
i-0dc322c35fc517e74,First EC2 Instance,454143665149,"['owner', 'Department', 'DM', 'End Date']"
i-084915b38c8184eae,ec2_test_kalgi,454143665149,['owner']
i-007475bba58089668,Fluence-LocaldevDemo,454143665149,"['owner', 'Department', 'DM', 'End Date']"
i-0c6d247ec360f16a6,FluenceEnergy_Test_Server,454143665149,"['owner', 'Department', 'DM', 'End Date']"
i-07b6a5ed17d30a4a0,Name not available,454143665149,"['Name', 'owner', 'Department', 'DM', 'End Date']"
i-02d702f938a30045b,TestFLUENCE,454143665149,"['owner', 'Department', 'DM', 'End Date']"
i-02932c6728578ce78,amaan12,454143665149,"['owner', 'Department', 'DM', 'End Date']"
i-0a399189d393e1db1,DockertestImage,454143665149,"['owner', 'Department', 'DM', 'End Date']"
i-0e3db249a08074e59,Name not available,454143665149,"['Name', 'owner', 'End Date']"
i-0a3f49c761e4f4568,Name not available,454143665149,"['Name', 'owner', 'End Date']"
i-0765db513810c2619,Name not available,454143665149,"['Name', 'owner', 'End Date']"
i-04991b4c2f413d5da,Name not available,454143665149,"['Name', 'owner', 'End Date']"
